<?xml version="1.0" encoding="UTF-8"?>
<!DOCTYPE mapper PUBLIC "-//mybatis.org//DTD Mapper 3.0//EN" "http://mybatis.org/dtd/mybatis-3-mapper.dtd">
<mapper namespace="FhfileMapper">
	
	<!--表名 -->
	<sql id="tableName">
		OA_FHFILE
	</sql>
	
	<!-- 字段 -->
	<sql id="Field">
		NAME,	
		FILEPATH,	
		CTIME,	
		BZ,	
		USERNAME,	
		DEPARTMENT_ID,	
		FILESIZE,	
		FHFILE_ID
	</sql>
	
	<!-- 字段值 -->
	<sql id="FieldValue">
		#{NAME},	
		#{FILEPATH},	
		#{CTIME},	
		#{BZ},	
		#{USERNAME},	
		#{DEPARTMENT_ID},	
		#{FILESIZE},	
		#{FHFILE_ID}
	</sql>
	
	<!-- 新增-->
	<insert id="save" parameterType="pd">
		insert into 
	<include refid="tableName"></include>
		(
	<include refid="Field"></include>
		) values (
	<include refid="FieldValue"></include>
		)
	</insert>
	
	<!-- 删除-->
	<delete id="delete" parameterType="pd">
		delete from
		<include refid="tableName"></include>
		where 
			FHFILE_ID = #{FHFILE_ID}
	</delete>
	
	<!-- 修改 -->
	<update id="edit" parameterType="pd">
		update
		<include refid="tableName"></include>
		set 
			NAME = #{NAME},
			FILEPATH = #{FILEPATH},
			BZ = #{BZ},
		FHFILE_ID = FHFILE_ID
		where 
		FHFILE_ID = #{FHFILE_ID}
	</update>
	
	<!-- 通过ID获取数据 -->
	<select id="findById" parameterType="pd" resultType="pd">
		select 
		<include refid="Field"></include>
		from 
		<include refid="tableName"></include>
		where 
			FHFILE_ID = #{FHFILE_ID}
	</select>
	
	<!-- 列表 -->
	<select id="datalistPage" parameterType="page" resultType="pd">
		select
		<include refid="Field"></include>
		from 
		<include refid="tableName"></include>
		where 1=1
		<if test="pd.keywords!= null and pd.keywords != ''"><!-- 关键词检索 -->
			and
				(
					NAME LIKE CONCAT(CONCAT('%', #{pd.keywords}),'%')
				)
		</if>
		<if test="pd.item!=null and pd.item!=''"><!-- 根据部门ID过滤 -->
			and DEPARTMENT_ID in ${pd.item}
		</if>
	</select>
	
	<!-- 列表(全部) -->
	<select id="listAll" parameterType="pd" resultType="pd">
		select
		<include refid="Field"></include>
		from 
		<include refid="tableName"></include>
	</select>
	
	<!-- 批量删除 -->
	<delete id="deleteAll" parameterType="String">
		delete from
		<include refid="tableName"></include>
		where 
			FHFILE_ID in
		<foreach item="item" index="index" collection="array" open="(" separator="," close=")">
                 #{item}
		</foreach>
	</delete>
	
	<!-- fh313596790qq(青苔) -->
</mapper>