<?xml version="1.0" encoding="UTF-8"?>
<!DOCTYPE mapper PUBLIC "-//mybatis.org//DTD Mapper 3.0//EN" "http://mybatis.org/dtd/mybatis-3-mapper.dtd">
<mapper namespace="KeyMapper">
	
	<!--表名 -->
	<sql id="tableName">
		WEIXIN_KEY
	</sql>
	
	<!-- 字段 -->
	<sql id="Field">
		USERNAME,	
		APPID,	
		APPSECRET,	
		ACCESS_TOKEN,	
		CREATETIME,	
		BZ,	
		WXUSERNAME,	
		KEY_ID
	</sql>
	
	<!-- 字段值 -->
	<sql id="FieldValue">
		#{USERNAME},	
		#{APPID},	
		#{APPSECRET},	
		#{ACCESS_TOKEN},	
		#{CREATETIME},	
		#{BZ},	
		#{WXUSERNAME},	
		#{KEY_ID}
	</sql>
	
	<!-- 新增-->
	<insert id="save" parameterType="pd">
		insert into 
	<include refid="tableName"></include>
		(
	<include refid="Field"></include>
		) values (
	<include refid="FieldValue"></include>
		)
	</insert>
	
	<!-- 删除-->
	<delete id="delete" parameterType="pd">
		delete from
		<include refid="tableName"></include>
		where 
			KEY_ID = #{KEY_ID}
	</delete>
	
	<!-- 修改 -->
	<update id="edit" parameterType="pd">
		update
		<include refid="tableName"></include>
		set 
			USERNAME = #{USERNAME},
			APPID = #{APPID},
			APPSECRET = #{APPSECRET},
			BZ = #{BZ},
			KEY_ID = KEY_ID
		where 
		KEY_ID = #{KEY_ID}
	</update>
	
	<!-- 通过ID获取数据 -->
	<select id="findById" parameterType="pd" resultType="pd">
		select 
		<include refid="Field"></include>
		from 
		<include refid="tableName"></include>
		where 
			KEY_ID = #{KEY_ID}
	</select>
	
	<!-- 通过公众号获取数据 -->
	<select id="findByWxId" parameterType="pd" resultType="pd">
		select 
		<include refid="Field"></include>
		from 
		<include refid="tableName"></include>
		where 
			WXUSERNAME = #{WXUSERNAME}
	</select>
	
	<!-- 列表 -->
	<select id="datalistPage" parameterType="page" resultType="pd">
		select
		<include refid="Field"></include>
		from 
		<include refid="tableName"></include>
		where 1=1
		<if test="pd.keywords!= null and pd.keywords != ''"><!-- 关键词检索 -->
			and
				(
					USERNAME LIKE CONCAT(CONCAT('%', #{pd.keywords}),'%')
					 or 
					WXUSERNAME LIKE CONCAT(CONCAT('%', #{pd.keywords}),'%') 
				)
		</if>
	</select>
	
	<!-- 列表(全部) -->
	<select id="listAll" parameterType="pd" resultType="pd">
		select
		<include refid="Field"></include>
		from 
		<include refid="tableName"></include>
	</select>
	
	<!-- 批量删除 -->
	<delete id="deleteAll" parameterType="String">
		delete from
		<include refid="tableName"></include>
		where 
			KEY_ID in
		<foreach item="item" index="index" collection="array" open="(" separator="," close=")">
                 #{item}
		</foreach>
	</delete>
	
	<!-- fh313596790qq(青苔) -->
</mapper>