<?xml version="1.0" encoding="UTF-8"?>
<!DOCTYPE mapper PUBLIC "-//mybatis.org//DTD Mapper 3.0//EN" "http://mybatis.org/dtd/mybatis-3-mapper.dtd">
<mapper namespace="FhbuttonMapper">
	
	<!--表名 -->
	<sql id="tableName">
		SYS_FHBUTTON
	</sql>
	
	<!-- 字段 -->
	<sql id="Field">
		NAME,	
		QX_NAME,	
		BZ,	
		FHBUTTON_ID
	</sql>
	
	<!-- 字段值 -->
	<sql id="FieldValue">
		#{NAME},	
		#{QX_NAME},	
		#{BZ},	
		#{FHBUTTON_ID}
	</sql>
	
	<!-- 新增-->
	<insert id="save" parameterType="pd">
		insert into 
	<include refid="tableName"></include>
		(
	<include refid="Field"></include>
		) values (
	<include refid="FieldValue"></include>
		)
	</insert>
	
	<!-- 删除-->
	<delete id="delete" parameterType="pd">
		delete from
		<include refid="tableName"></include>
		where 
			FHBUTTON_ID = #{FHBUTTON_ID}
	</delete>
	
	<!-- 修改 -->
	<update id="edit" parameterType="pd">
		update
		<include refid="tableName"></include>
		set 
			NAME = #{NAME},
			QX_NAME = #{QX_NAME},
			BZ = #{BZ},
		FHBUTTON_ID = FHBUTTON_ID
		where 
		FHBUTTON_ID = #{FHBUTTON_ID}
	</update>
	
	<!-- 通过ID获取数据 -->
	<select id="findById" parameterType="pd" resultType="pd">
		select 
		<include refid="Field"></include>
		from 
		<include refid="tableName"></include>
		where 
			FHBUTTON_ID = #{FHBUTTON_ID}
	</select>
	
	<!-- 列表 -->
	<select id="datalistPage" parameterType="page" resultType="pd">
		select
		<include refid="Field"></include>
		from 
		<include refid="tableName"></include>
		where 1=1
		<if test="pd.keywords!= null and pd.keywords != ''"><!-- 关键词检索 -->
		and
			(
				NAME LIKE CONCAT(CONCAT('%', #{pd.keywords}),'%')
				 or 
				QX_NAME LIKE CONCAT(CONCAT('%', #{pd.keywords}),'%') 
			)
				
		</if>
	</select>
	
	<!-- 列表(全部) -->
	<select id="listAll" parameterType="pd" resultType="pd">
		select
		<include refid="Field"></include>
		from 
		<include refid="tableName"></include>
	</select>
	
	<!-- 批量删除 -->
	<delete id="deleteAll" parameterType="String">
		delete from
		<include refid="tableName"></include>
		where 
			FHBUTTON_ID in
		<foreach item="item" index="index" collection="array" open="(" separator="," close=")">
                 #{item}
		</foreach>
	</delete>
	
	<!-- fh313596790qq(青苔) -->
</mapper>