<?xml version="1.0" encoding="UTF-8"?>
<!DOCTYPE configuration PUBLIC "-//mybatis.org//DTD SQL Map Config 3.0//EN"  
	"http://mybatis.org/dtd/mybatis-3-config.dtd">
<configuration>
	
	<settings> 
        <setting name="cacheEnabled" value="true" /><!-- 全局映射器启用缓存 -->   
        <setting name="useGeneratedKeys" value="true" /> 
        <setting name="defaultExecutorType" value="REUSE" /> 
    </settings>

	<typeAliases>
		
		<typeAlias type="com.fh.util.PageData" alias="pd"/>
		<!-- 分页 -->
		<typeAlias type="com.fh.entity.Page" alias="Page"/>
	</typeAliases>
	
	<plugins>
		<plugin interceptor="com.fh.plugin.PagePlugin">
			<property name="dialect" value="mysql"/>
			<property name="pageSqlId" value=".*listPage.*"/>
		</plugin>
	</plugins>
	
</configuration>